Feature Category,Feature Name,Status,Description,Notes
Core Functionality,Research Endpoint (/api/research),implemented,Basic research endpoint for individuals and organizations,Works with Ollama (free) and LinkedIn scraper
Core Functionality,Individual Research,implemented,Research on individuals with professional background extraction,Includes LinkedIn profile scraping
Core Functionality,Organization Research,implemented,Research on organizations with company intelligence,Basic company information extraction
Core Functionality,Name Checking (/api/check-name),implemented,Check how many people exist with a given name,Returns list of people with companies
Core Functionality,Document Download (/api/download),implemented,Download generated documents,Supports Word PDF PowerPoint
Core Functionality,Health Check (/api/health),implemented,API health check endpoint,Shows service status
Data Sources,LinkedIn Scraper,implemented,Direct LinkedIn profile and company scraping,Requires LinkedIn credentials
Data Sources,Ollama AI Integration,implemented,Free local AI for web intelligence,No API costs
Data Sources,Web Search Service,implemented,Google and DuckDuckGo search integration,Used for finding information
Data Sources,Web Scraper Service,implemented,Playwright-based web scraping,For extracting content from URLs
Document Generation,Word Document (.docx),implemented,Generate Word documents from intelligence,Full formatting support
Document Generation,PDF Document (.pdf),implemented,Generate PDF documents,Requires LibreOffice or pandoc
Document Generation,PowerPoint (.pptx),implemented,Generate PowerPoint presentations,Basic slide generation
Intelligence Extraction,Professional Background,implemented,Extract professional background for individuals,From LinkedIn and web sources
Intelligence Extraction,Education Information,implemented,Extract education details,Universities degrees achievements
Intelligence Extraction,Company Information,implemented,Extract company details,Current company and recent developments
Intelligence Extraction,Public Presence,implemented,Extract public presence information,LinkedIn articles publications
Intelligence Extraction,Recent Activity,implemented,Extract recent activity,Latest posts projects statements
Intelligence Extraction,Company Background,implemented,Basic company background extraction,For organizations
Intelligence Extraction,Leadership Intelligence,implemented,Extract leadership information,Key executives and their details
Intelligence Extraction,Financial Information,implemented,Basic financial information extraction,Revenue trends funding
Intelligence Extraction,News Intelligence,implemented,Extract news and media information,Positive negative neutral news
Frontend,Research Form,implemented,User interface for research requests,React-based form
Frontend,Results Display,implemented,Display research results,Shows intelligence and download options
Frontend,Source Management,implemented,Add/remove additional sources,Supports multiple source types
Frontend,Name Check UI,implemented,UI for checking names before research,Shows people count and list
Frontend,Company Name Field,implemented,Company name field for disambiguation,Required for individuals without LinkedIn URL
Comprehensive Capsule,Comprehensive Capsule Endpoint,Partial,Comprehensive organization intelligence capsule,Requires Perplexity API key (not free)
Comprehensive Capsule,Company Intelligence Module,implemented,Company Intelligence Discovery System,Part of comprehensive capsule
Comprehensive Capsule,Financial Intelligence Module,implemented,Financial Intelligence System,Part of comprehensive capsule
Comprehensive Capsule,News Intelligence Module,implemented,News and Media Intelligence System,Part of comprehensive capsule
Comprehensive Capsule,Leadership Profiling Module,implemented,Leadership Profiling System,Part of comprehensive capsule
Comprehensive Capsule,Strategic Intelligence System,Not Implemented,Strategic priorities and initiatives extraction,Marked as Coming Soon
Comprehensive Capsule,Technology Stack Intelligence,Not Implemented,Technology stack and IT infrastructure intelligence,Marked as Coming Soon
Comprehensive Capsule,Partnership Intelligence,Not Implemented,Partnership and alliance intelligence,Marked as Coming Soon
Comprehensive Capsule,Product Intelligence,Not Implemented,Product portfolio and offerings intelligence,Marked as Coming Soon
Comprehensive Capsule,Customer Intelligence,Not Implemented,Customer base and market intelligence,Marked as Coming Soon
Advanced Features,Executive Communications Extraction, Partial,CEO CFO CTO CIO messages extraction,Partially implemented in leadership module
Advanced Features,Leadership Targets & Focus Points, Partial,Strategic targets and priorities,Partially implemented
Advanced Features,Long-Range News (7-10 years), Implemented,Long-range news intelligence,7-year lookback implemented
Advanced Features,Regulatory Intelligence,Partial,Regulatory challenges and compliance,Partially in company intelligence
Advanced Features,Competitive Intelligence,Partial,Competitive pressures and market position,Partially in company intelligence
Advanced Features,Sales Talking Points Generation,Implemented,Automatically generated sales talking points,From identified challenges
Advanced Features,Executive Summary Generation,Implemented,Executive summary of intelligence,Part of comprehensive capsule
Advanced Features,Multi-Source Intelligence,Implemented,Consolidates data from 10+ sources,Automatic source integration
Advanced Features,Source Citation,Implemented,Source citation in brackets,Included in extracted intelligence
Advanced Features,Paraphrased Content,Implemented,All information paraphrased for clarity,Standard practice
Advanced Features,Balanced View,Implemented,Includes positive and negative developments,Standard practice
Advanced Features,Verified Profile Support,Implemented,Support for verified profiles with company name,For disambiguation
Configuration,Environment Variables,Implemented,Configuration via .env file,Supports Ollama LinkedIn credentials
Configuration,Ollama Configuration,Implemented,Configure Ollama URL and model,Free local AI setup
Configuration,LinkedIn Credentials,Implemented,Configure LinkedIn email and password,For scraping
Configuration,Disable AI Web Intelligence,Implemented,Option to disable AI web intelligence,For 100% accurate LinkedIn-only data
Error Handling,Error Messages,Implemented,User-friendly error messages,Shown in frontend
Error Handling,Fallback Mechanisms,Implemented,Fallback when services unavailable,Name checking fallback implemented
Error Handling,Timeout Handling,Implemented,Timeout fixes for long-running operations,Documented in TIMEOUT_FIXES.md
Error Handling,LinkedIn Bot Detection,Implemented,Fixes for LinkedIn bot detection,Documented in LINKEDIN_BOT_DETECTION_FIX.md
Documentation,README,Implemented,Main project documentation,Comprehensive setup guide
Documentation,Quick Start Guide,Implemented,Quick start instructions,30-second setup guide
Documentation,Setup Guide,Implemented,Detailed setup instructions,Step-by-step guide
Documentation,Troubleshooting Guide,Implemented,Troubleshooting documentation,Backend troubleshooting
Documentation,Data Sources Reference,Implemented,Standard data sources documentation,10+ sources listed
Documentation,LinkedIn Setup Guide,Implemented,LinkedIn scraping setup guide,Configuration instructions
Documentation,Ollama Setup Guide,Implemented,Ollama installation and setup,Free AI setup
Documentation,Timeout Fixes Documentation,Implemented,Documentation for timeout fixes,Technical details
Documentation,LinkedIn Bot Detection Fix,Implemented,Documentation for bot detection fixes,Technical details
Documentation,Individual Research Flow,Implemented,Documentation for individual research flow,Process documentation
Testing,API Testing, Partial,API endpoint testing,Some test files exist
Testing,Integration Testing,Partial,Integration test files,test_integration.py exists
Testing,Configuration Testing, Implemented,Configuration verification scripts,check_config.py check_ollama.py
Testing,LinkedIn Testing,Partial,LinkedIn scraper testing,test_linkdin.py exists
Security,Environment Variable Security,Implemented,Secure handling of credentials,No hardcoded keys
Security,CORS Configuration,Implemented,CORS middleware for frontend,Configured for localhost
Security,Input Validation,Implemented,Input validation with Pydantic,Request validation
Performance,Caching, Not Implemented,Caching for repeated queries,Planned feature
Performance,Rate Limiting, Not Implemented,Rate limiting for API calls,Planned feature
Performance,Proxy Rotation, Not Implemented,Proxy rotation for LinkedIn scraping,Planned feature
Performance,Retry Logic,Partial,Retry logic for failed requests,Some retry mechanisms exist
Performance,Batch Processing, Not Implemented,Batch processing support,Planned feature
