Category,Feature,Status,Data Source,
Core,Research Individuals,Partial Implemented,LinkedIn Scraper + Ollama AI,(ollama AI is not fetching the data correctly)
Core,Research Organizations,Partial Implemented,LinkedIn Scraper + Ollama AI,(ollama AI is not fetching the data correctly)
Core,Name Checking,Partial Implemented,Ollama AI,(ollama AI is not fetching the data correctly)
Core,Word Document Generation,Implemented,Document Generator,
Core,PDF Document Generation,Implemented,Document Generator,
Core,PowerPoint Generation,Implemented,Document Generator,
Data Source,LinkedIn Scraper,Implemented,Direct LinkedIn scraping,
Data Source,Ollama AI,Partial Implemented,Free local AI,(ollama AI is not fetching the data correctly)
Data Source,DuckDuckGo Search,Implemented,Free web search,
Data Source,Google Search API,Partial Implemented,Requires API key (paid),Account is in under review
Data Source,Web Scraper,Partial Implemented,Playwright-based,
Intelligence,Professional Background,Partial Implemented,LinkedIn + Web,
Intelligence,Education Information,Partial Implemented,LinkedIn + Web,
Intelligence,Company Information,Partial Implemented,LinkedIn + Web,
Intelligence,Public Presence,Partial Implemented,LinkedIn + Web,
Intelligence,Recent Activity,Partial Implemented,LinkedIn + Web,
Intelligence,Leadership Intelligence,Partial Implemented,Web + Ollama,
Intelligence,Financial Information,Partial Implemented,Web + Ollama,
Intelligence,News Intelligence,Partial Implemented,Web + Ollama,
Frontend,Research Form,Implemented,React UI,
Frontend,Results Display,Implemented,React UI,
Frontend,Source Management,Implemented,React UI,
Frontend,Name Check UI,Implemented,React UI,
Capsule Module,Company Intelligence,Partial Implemented,Web + Ollama,(ollama AI is not fetching the data correctly)
Capsule Module,Financial Intelligence,Partial Implemented,Web + Ollama,(ollama AI is not fetching the data correctly)
Capsule Module,News Intelligence,Partial Implemented,Web + Ollama,(ollama AI is not fetching the data correctly)
Capsule Module,Leadership Profiling,Partial Implemented,Web + Ollama,(ollama AI is not fetching the data correctly)
Capsule Module,Strategic Intelligence,Not Implemented,Needs to be built,
Capsule Module,Technology Stack Intelligence,Not Implemented,Needs to be built,
Capsule Module,Partnership Intelligence,Not Implemented,Needs to be built,
Capsule Module,Product Intelligence,Not Implemented,Needs to be built,
Capsule Module,Customer Intelligence,Not Implemented,Needs to be built,
Advanced,Sales Talking Points,Partial Implemented,Ollama AI,
Advanced,Executive Summary,Partial Implemented,Ollama AI,
Advanced,Multi-Source Intelligence,Partial Implemented,All sources,
Advanced,Source Citation,Partial Implemented,All sources,
Advanced,Long-Range News (7-10 years),Partial Implemented,Web + Ollama,
Advanced,Executive Communications,Partial,Needs completion,
Advanced,Leadership Targets,Partial,Needs completion,
Advanced,Regulatory Intelligence,Partial,Needs completion,
Advanced,Competitive Intelligence,Partial,Needs completion,
Performance,Caching,Not Implemented,Needs to be built,
Performance,Rate Limiting,Not Implemented,Needs to be built,
Performance,Proxy Rotation,Not Implemented,Needs to be built,
Performance,Batch Processing,Not Implemented,Needs to be built,
